variable name;data type;register;documented name;description;value;unit;note;;Note;;;;;
;;0;Inverter Status;Inverter run state;0:waiting 1:normal 3:fault;;;;;;;;;
PV Watts;;1;Ppv H;Input power (high);;0.1W;;;;;;;;
;;2;Ppv L;Input power (low);;0.1W;;;;;;;;
PV1 Voltage;;3;Vpv1;PV1 voltage;;0.1V;;;;;;;;
PV1 Current;;4;PV1Curr;PV1 input current;;0.1A;;;;;;;;
PV1 Watts;;5;Ppv1 H;PV1 input power(high);;0.1W;;;;;;;;
;;6;Ppv1 L;PV1 input power(low);;0.1W;;;;;;;;
PV2 Voltage;;7;Vpv2;PV2 voltage;;0.1V;;;;;;;;
PV2 Current;;8;PV2Curr;PV2 input current;;0.1A;;;;;;;;
PV2 Watts;;9;Ppv2 H;PV2 input power (high);;0.1W;;;;;;;;
;;10;Ppv2 L;PV2 input power (low);;0.1W;;;;;;;;
PV3 Voltage;;11;Vpv3;PV3 voltage;;0.1V;;;;;;;;
PV3 Current;;12;PV3Curr;PV3 input current;;0.1A;;;;;;;;
PV3 Watts;;13;Ppv3 H;PV3 input power (high);;0.1W;;;;;;;;
;;14;Ppv3 L;PV3 input power (low);;0.1W;;;;;;;;
PV4 Voltage;;15;Vpv4;PV4 voltage;;0.1V;;;;;;;;
PV4 Current;;16;PV4Curr;PV4 input current;;0.1A;;;;;;;;
PV4 Watts;;17;Ppv4 H;PV4 input power (high);;0.1W;;;;;;;;
;;18;Ppv4 L;PV4 input power (low);;0.1W;;;;;;;;
PV5 Voltage;;19;Vpv5;PV5 voltage;;0.1V;;;;;;;;
PV5 Current;;20;PV5Curr;PV5 input current;;0.1A;;;;;;;;
PV5 Watts;;21;Ppv5H;PV5 input power(high);;0.1W;;;;;;;;
;;22;Ppv5 L;PV5 input power(low);;0.1W;;;;;;;;
PV6 Voltage;;23;Vpv6;PV6 voltage;;0.1V;;;;;;;;
PV6 Current;;24;PV6Curr;PV6 input current;;0.1A;;;;;;;;
PV6 Watts;;25;Ppv6 H;PV6 input power (high);;0.1W;;;;;;;;
;;26;Ppv6 L;PV6 input power (low);;0.1W;;;;;;;;
PV7 Voltage;;27;Vpv7;PV7 voltage;;0.1V;;;;;;;;
PV7 Current;;28;PV7Curr;PV7 input current;;0.1A;;;;;;;;
PV7 Watts;;29;Ppv7 H;PV7 input power (high);;0.1W;;;;;;;;
;;30;Ppv7 L;PV7 input power (low);;0.1W;;;;;;;;
PV8 Voltage;;31;Vpv8;PV8 voltage;;0.1V;;;;;;;;
PV8 Current;;32;PV8Curr;PV8 input current;;0.1A;;;;;;;;
PV8 Watts;;33;Ppv8 H;PV8 input power (high);;0.1W;;;;;;;;
;;34;Ppv8 L;PV8 input power (low);;0.1W;;;;;;;;
Output Watts;;35;Pac H;Output power (high);;0.1W;;;;;;;;
;;36;Pac L;Output power (low);;0.1W;;;;;;;;
Grid Hz;;37;Fac;Grid frequency;;0.01Hz;;;;;;;;
Grid Voltage Phase 1;;38;Vac1;Three/single phase grid voltage;;0.1V;;;;;;;;
Grid Current Phase 1;;39;Iac1;Three/single phase grid output current;;0.1A;;;;;;;;
Grid VA Phase 1;;40;Pac1 H;Three/single phase grid output watt VA (high);;0.1VA;;;;;;;;
;;41;Pac1 L;Three/single phase grid output watt VA(low);;0.1VA;;;;;;;;
Grid Voltage Phase 2;;42;Vac2;Three phase grid voltage;;0.1V;;;;;;;;
Grid Current Phase 2;;43;Iac2;Three phase grid output current;;0.1A;;;;;;;;
Grid VA Phase 2;;44;Pac2 H;Three phase grid output power (high);;0.1VA;;;;;;;;
;;45;Pac2 L;Three phase grid output power (low);;0.1VA;;;;;;;;
Grid Voltage Phase 3;;46;Vac3;Three phase grid voltage;;0.1V;;;;;;;;
Grid Current Phase 3;;47;Iac3;Three phase grid output current;;0.1A;;;;;;;;
Grid VA Phase 3;;48;Pac3 H;Three phase grid output power (high);;0.1VA;;;;;;;;
;;49;Pac3 L;Three phase grid output power (low);;0.1VA;;;;;;;;
;;50;Vac_RS;Three phase grid voltage;;0.1V;;;Line voltage;;;;;
;;51;Vac_ST;Three phase grid voltage;;0.1V;;;Line voltage;;;;;
;;52;Vac_TR;Three phase grid voltage;;0.1V;;;Line voltage;;;;;
;;53;Eac today H;Today generate energy (high);;0.1kWH;;;;;;;;
;;54;Eac today L;Today generate energy (low);;0.1kWH;;;;;;;;
;;55;Eac total H;Total generate energy (high);;0.1kWH;;;;;;;;
;;56;Eac total L;Total generate energy (low);;0.1kWH;;;;;;;;
;;57;Time total H;Work time total (high);;0.5s;;;;;;;;
;;58;Time total L;Work time total (low);;0.5s;;;;;;;;
PV1 KWH Today;;59;Epv1_today H;PV1Energy today(high);;0.1kWh;;;;;;;;
;;60;Epv1_today L;PV1Energy today (low);;0.1kWh;;;;;;;;
PV1 KWH Total;;61;Epv1_total H;PV1Energy total(high);;0.1kWh;;;;;;;;
;;62;Epv1_total L;PV1Energy total (low);;0.1kWh;;;;;;;;
PV2 KWH Today;;63;Epv2_today H;PV2Energy today(high);;0.1kWh;;;;;;;;
;;64;Epv2_today L;PV2Energy today (low);;0.1kWh;;;;;;;;
PV2 KWH Total;;65;Epv2_total H;PV2Energy total(high);;0.1kWh;;;;;;;;
;;66;Epv2_total L;PV2Energy total (low);;0.1kWh;;;;;;;;
PV3 KWH Today;;67;Epv3_today H;PV3 Energy today(high);;0.1kWh;;;;;;;;
;;68;Epv3_today L;PV3 Energy today (low);;0.1kWh;;;;;;;;
PV3 KWH Total;;69;Epv3_total H;PV3 Energy total(high);;0.1kWh;;;;;;;;
;;70;Epv3_total L;PV3 Energy total (low);;0.1kWh;;;;;;;;
PV4 KWH Today;;71;Epv4_today H;PV4Energy today(high);;0.1kWh;;;;;;;;
;;72;Epv4_today L;PV4Energy today (low);;0.1kWh;;;;;;;;
PV4 KWH Total;;73;Epv4_total H;PV4Energy total(high);;0.1kWh;;;;;;;;
;;74;Epv4_total L;PV4Energy total (low);;0.1kWh;;;;;;;;
PV5 KWH Today;;75;Epv5_today H;PV5Energy today(high);;0.1kWh;;;;;;;;
;;76;Epv5_today L;PV5Energy today (low);;0.1kWh;;;;;;;;
PV5 KWH Total;;77;Epv5_total H;PV5Energy total(high);;0.1kWh;;;;;;;;
;;78;Epv5_total L;PV5Energy total (low);;0.1kWh;;;;;;;;
PV6 KWH Today;;79;Epv6_today H;PV6Energy today(high);;0.1kWh;;;;;;;;
;;80;Epv6_today L;PV6Energy today (low);;0.1kWh;;;;;;;;
PV6 KWH Total;;81;Epv6_total H;PV6Energy total(high);;0.1kWh;;;;;;;;
;;82;Epv6_total L;PV6Energy total (low);;0.1kWh;;;;;;;;
PV7 KWH Today;;83;Epv7_today H;PV7Energy today(high);;0.1kWh;;;;;;;;
;;84;Epv7_today L;PV7Energy today (low);;0.1kWh;;;;;;;;
PV7 KWH Total;;85;Epv7_total H;PV7 Energy total(high);;0.1kWh;;;;;;;;
;;86;Epv7_total L;PV7Energy total (low);;0.1kWh;;;;;;;;
PV8 KWH Today;;87;Epv8_today H;PV8Energy today(high);;0.1kWh;;;;;;;;
;;88;Epv8_today L;PV8Energy today (low);;0.1kWh;;;;;;;;
PV8 KWH Total;;89;Epv8_total H;PV8Energy total(high);;0.1kWh;;;;;;;;
;;90;Epv8_total L;PV8Energy total (low);;0.1kWh;;;;;;;;
PV KWH Total;;91;Epv_total H;PV Energy total(high);;0.1kWh;;;;;;;;
;;92;Epv_total L;PV Energy total (low);;0.1kWh;;;;;;;;
;;93;Temp1;Inverter temperature;;0.1C;;;;;;;;
;;94;Temp2;The inside IPM in inverter Temperature;;0.1C;;;;;;;;
;;95;Temp3;Boost temperature;;0.1C;;;;;;;;
;;96;Temp4;;;;;;reserved;;;;;
;;97;uwBatVolt_DSP;BatVolt_DSP;;0.1V;;;BatVolt(DSP);;;;;
;;98;P Bus Voltage;P Bus inside Voltage;;0.1V;;;;;;;;
;;99;N Bus Voltage;N Bus inside Voltage;;0.1V;;;;;;;;
Inverter Power Factor;;100;IPF;Inverter output PF now;0-20000;;;;;;;;;
;;101;RealOPPercent;Real Output power Percent;;1.00%;;;;;;;;
;;102;OPFullwatt H;Output Maxpower Limited high;;;;;;;;;;
;;103;OPFullwatt L;Output Maxpower Limited low;;0.1W;;;;;;;;
;;104;DeratingMode;DeratingMode;0:no derate; 1:PV; 2:*; 9:*OverBack ByTime; 4:Fac; 9:*OverBack ByTime; 9:*OverBack ByTime; 9:*OverBack ByTime; 9:*OverBack ByTime; 9:*OverBack ByTime
;;105;Fault Maincode;Inverter fault maincode;;;;;;;;;;
;;106;Fault Bitcode H ;;;;;;;;;;;
;;107;Fault Bitcode L;;;Inverter fault subcode;;;;;;;;
;;108;RemoteCtrlEn;/;0.Load First 1.BatFirst 2.Grid;/;;;StoragePow er (SPA);;;;;
;;109;RemoteCtrlPower;;;/;/;;StoragePow er (SPA);;;;;
;;110;Warning bit H;Warning bit H;;;;;;;;;;
;;111;Warn Subcode;;;Inverter warn subcode;;;;;;;;
;;112;Warn Maincode;Inverter warn maincode;;;;;;;;;;
;;113;real Power Percent;real Power Percent;0-100;%;;;MAX;;;;;
;;114;inv start delay time;inv start delay time;;;;;MAX;;;;;
;;115;bINVAllFaultCode;bINVAllFaultCode;;;;;MAX;;;;;
;;116;AC charge Power_H;Grid power to local load;;0.1kwh;;;Storage Power;;;;;
;;117;AC charge Power_L;Grid power to local load;;0.1kwh;;;Storage Power;;;;;
;;118;Priority;0:Load First 1:Battery First 2:Grid First;;;;;Storage;;;;;
;;119;Battery Type;0:Lead-acid 1:Lithium battery;;;;;Storage Power;;;;;
;;120;AutoProofreadCMD;Aging mode Command Auto-calibration;;;;;Storage Power;;;;;
;;125;PID PV1Plus Voltage;PID PV1PE Volt/ Flyspan voltage (MAX HV);0~1000V;0.1V;;;;;;;;
;;126;PID PV1Plus Current;PID PV1PE Curr;-10~10mA;0.1mA;;;;;;;;
;;127;PID PV2Plus Voltage;PID PV2PE Volt/ Flyspan voltage (MAX HV) Flyspan;0~1000V;0.1V;;;;;;;;
;;128;PID PV2Plus Current;PID PV2PE Curr;-10~10mA;0.1mA;;;;;;;;
;;129;PID PV3Plus Voltage;PID PV3PE Volt/ Flyspan voltage (MAX HV) ;0~1000V;0.1V;;;;;;;;
;;130;PID PV3Plus Current;PID PV3PE Curr;-10~10mA;0.1mA;;;;;;;;
;;131;PID PV4Plus Voltage;PID PV4PE Volt/ Flyspan voltage (MAX HV) ;0~1000V;0.1V;;;;;;;;
;;132;PID PV4Plus Current;PID PV4PE Curr;-10~10mA;0.1mA;;;;;;;;
;;133;PID PV5Plus Voltage;PID PV5PE Volt/ Flyspan voltage (MAX HV);0~1000V;0.1V;;;;;;;;
;;134;PID PV5Plus Current;PID PV5PE Curr;-10~10mA;0.1mA;;;;;;;;
;;135;PID PV6Plus Voltage;PID PV6PE Volt/ Flyspan voltage (MAX HV);0~1000V;0.1V;;;;;;;;
;;136;PID PV6Plus Current;PID PV6PE Curr;-10~10mA;0.1mA;;;;;;;;
;;137;PID PV7Plus Voltage;PID PV7PE Volt/ Flyspan voltage (MAX HV);0~1000V;0.1V;;;;;;;;
;;138;PID PV7Plus Current;PID PV7PE Curr;-10~10mA;0.1mA;;;;;;;;
;;139;PID PV8Plus Voltage;PID PV8PE Volt/ Flyspan voltage (MAX HV) ;0~1000V;0.1V;;;;;;;;
;;140;PID PV8Plus Current;PID PV8PE Curr;-10~10mA;0.1mA;;;;;;;;
;;141;PID Status;Bit0~7:PID Working Status 1:Wait Status 2:Normal Status 3:Fault Status Bit8~15:Reversed;0~3;;;;;;;;;
;;142;PV String1;PV String1 voltage;;0.1V;;;;;;;;
;;143;PV Curr_String1;PV String1 current;-15~15A;0.1A;;;;;;;;
;;144;PV_String2;PV String2 voltage;;0.1V;;;;;;;;
;;145;PV Curr_String2;PV String2 current;-15~15A;0.1A;;;;;;;;
;;146;PV_String3;PV String3 voltage;;0.1V;;;;;;;;
;;147;PV Curr_String3;PV String3 current;-15~15A;0.1A;;;;;;;;
;;148;PV_String4;PV String4 voltage;;0.1V;;;;;;;;
;;149;PV Curr_String4;PV String4 current;-15~15A;0.1A;;;;;;;;
;;150;PV_String5;PV String5 voltage;;0.1V;;;;;;;;
;;151;PV Curr_String5;PV String5 current;-15~15A;0.1A;;;;;;;;
;;152;PV_String6;PV String6 voltage;;0.1V;;;;;;;;
;;153;PV Curr_String6;PV String6 current;-15~15A;0.1A;;;;;;;;
;;154;PV_String7;PV String7 voltage;;0.1V;;;;;;;;
;;155;PV Curr_String7;PV String7 current;-15~15A;0.1A;;;;;;;;
;;156;PV_String8;PV String8 voltage;;0.1V;;;;;;;;
;;157;PV Curr_String8;PV String8 current;-15A~15A;0.1A;;;;;;;;
;;158;PV_String9;PV String9 voltage;;0.1V;;;;;;;;
;;159;PV Curr_String9;PV String9 current;-15A~15A;0.1A;;;;;;;;
;;160;PV_String10;PV String10 voltage;;0.1V;;;;;;;;
;;161;PV Curr_String10;PV String10 current;-15~15A;0.1A;;;;;;;;
;;162;PV_String11;PV String11 voltage;;0.1V;;;;;;;;
;;163;PV Curr_String11;PV String11 current;-15~15A;0.1A;;;;;;;;
;;164;PV_String12;PV String12 voltage;;0.1V;;;;;;;;
;;165;PV Curr_String12;PV String12 current;-15~15A;0.1A;;;;;;;;
;;166;PV_String13;PV String13 voltage;;0.1V;;;;;;;;
;;167;PV Curr_String13;PV String13 current;-15A~15A;0.1A;;;;;;;;
;;168;PV_String14;PV String14 voltage;;0.1V;;;;;;;;
;;169;PV Curr_String14;PV String14 current;-15~15A;0.1A;;;;;;;;
;;170;PV_String15;PV String15 voltage;;0.1V;;;;;;;;
;;171;PV Curr_String15;PV String15 current;-15~15A;0.1A;;;;;;;;
;;172;PV_String16;PV String16 voltage;;0.1V;;;;;;;;
;;173;PV Curr_String16;PV String16 current;-15~15A;0.1A;;;;;;;;
;;174;StrUnmatch;Bit0~15: String1~16 unmatch;;;;;suggestive;;;;;
;;175;StrCurrentUnblance;Bit0~15: String1~16 current unblance;;;;;suggestive;;;;;
;;176;StrDisconnect;Bit0~15: String1~16 disconnect;;;;;suggestive;;;;;
;;177;PIDFaultCode;Bit0:Output over voltage Bit1: ISO fault Bit2: BUS voltage abnormal Bit3~15:reserved;;;;;;;;;;
;;178;String Prompt;String Prompt Bit0:String Unmatch Bit1:StrDisconnect Bit2:StrCurrentUnblance Bit3~15:reserved;;;;;;;;;;
;;179;PV Warning Value;PV Warning Value;;;;;;;;;;
;;180;DSP075 Warning Value;DSP075 Warning Value;;;;;;;;;;
;;181;DSP075 Fault Value;DSP075 Fault Value;;;;;;;;;;
;;182;DSP067 Debug Data1;DSP067 Debug Data1;;;;;;;;;;
;;183;DSP067 Debug Data2;DSP067 Debug Data2;;;;;;;;;;
;;184;DSP067 Debug Data3;DSP067 Debug Data3;;;;;;;;;;
;;185;DSP067 Debug Data4;DSP067 Debug Data4;;;;;;;;;;
;;186;DSP067 Debug Data5;DSP067 Debug Data5;;;;;;;;;;
;;187;DSP067 Debug Data6;DSP067 Debug Data6;;;;;;;;;;
;;188;DSP067 Debug Data7;DSP067 Debug Data7;;;;;;;;;;
;;189;DSP067 Debug Data8;DSP067 Debug Data8;;;;;;;;;;
;;190;DSP075 Debug Data1;DSP075 Debug Data1;;;;;;;;;;
;;191;DSP075 Debug Data2;DSP075 Debug Data2;;;;;;;;;;
;;192;DSP075 Debug Data3;DSP075 Debug Data3;;;;;;;;;;
;;193;DSP075 Debug Data4;DSP075 Debug Data4;;;;;;;;;;
;;194;DSP075 Debug Data55;DSP075 Debug Data5;;;;;;;;;;
;;195;DSP075 Debug Data6;DSP075 Debug Data6;;;;;;;;;;
;;196;DSP075 Debug Data7;DSP075 Debug Data7;;;;;;;;;;
;;197;DSP075 Debug Data8;DSP075 Debug Data8;;;;;;;;;;
;;198;bUSBAgingTestOk Flag;USBAgingTestOkFlag;0-1;;;;;;;;;
;;199;bFlashEraseAging OkFlag;FlashEraseAgingOkFlag;0-1;;;;;;;;;
;;200;PVISO;PVISOValue;;K?;;;;;;;;
;;201;R_DCI;R DCI Curr;;0.1mA;;;;;;;;
;;202;S_DCI;S DCI Curr;;0.1mA;;;;;;;;
;;203;T_DCI;T DCI Curr;;0.1mA;;;;;;;;
;;204;PID_Bus;PIDBusVolt;;0.1V;;;;;;;;
;;205;GFCI;GFCI Curr;;mA;;;;;;;;
;;206;SVG_APF StatusPlusSVGAPFEqualRatio;SVG/APF StatusPlusSVGAPFEqualRatio;High 8 bit: SVGAPFEqua lRatio Low 8 bit: SVG/APF Status 0:None 1:SVG Run 2:APF Run 3:SVG/APF Run;;;;;;;;;
;;207;CT_I_R;R phase load side current for SVG;;0.1A;;;;;;;;
;;208;CT_I_S;S phase load side current for SVG;;0.1A;;;;;;;;
;;209;CT_I_T;T phase load side current for SVG;;0.1A;;;;;;;;
;;210;CT_Q_R H;R phase load side output reactive power for SVG(High);;0.1Var;;;;;;;;
;;211;CT_Q_R L;R phase load side output reactive power for SVG(low);;0.1Var;;;;;;;;
;;212;CT_Q_S H;S phase load side output reactive power for SVG(High);;0.1Var;;;;;;;;
;;213;CT_Q_S L;S phase load side output reactive power for SVG(low);;0.1Var;;;;;;;;
;;214;CT_Q_T H;T phase load side output reactive power for SVG(High);;0.1Var;;;;;;;;
;;215;CT_Q_T L;T phase load side output reactive power for SVG(low);;0.1Var;;;;;;;;
;;216;CT HAR_I_R;R phase load side harmonic;;0.1A;;;;;;;;
;;217;CT HAR_I_S;S phase load side harmonic;;0.1A;;;;;;;;
;;218;CT HAR_I_T;T phase load side harmonic;;0.1A;;;;;;;;
;;219;COMP_Q_R H;R phase compensate reactive power for SVG(High);;0.1Var;;;;;;;;
;;220;COMP_Q_R L;R phase compensate reactive power for SVG(low);;0.1Var;;;;;;;;
;;221;COMP_Q_S H;S phase compensate reactive power for SVG(High);;0.1Var;;;;;;;;
;;222;COMP_Q_S L;S phase compensate reactive power for SVG(low);;0.1Var;;;;;;;;
;;223;COMP_Q_T H;T phase compensate reactive power for SVG(High);;0.1Var;;;;;;;;
;;224;COMP_Q_T L;T phase compensate reactive power for SVG(low);;0.1Var;;;;;;;;
;;225;COMP HAR_I_R;R phase compensate harmonic for SVG;;0.1A;;;;;;;;
;;226;COMP HAR_I_S;S phase compensate harmonic for SVG;;0.1A;;;;;;;;
;;227;COMP HAR_I_T;T phase compensate harmonic for SVG;;0.1A;;;;;;;;
;;228;bRS232AgingTest OkFlag;RS232AgingTestOkFlag;0-1;;;;;;;;;
;;229;bFanFaultBit;;Bit0: Fan 1 fault bit Bit1: Fan 2 fault bit Bit2: Fan 3 fault bit Bit3: Fan 4 fault bit Bit4-7: Reserved;;;;;;;;;
;;230;Sac H;Output apparent power H;;0.1W;;;;;;;;
;;231;Sac L;Output apparent power L;;0.1W;;;;;;;;
;;232;ReActPowerH;Real Output Reactive Power H;Int32;0.1W;;;;;;;;
;;233;ReActPowerL;Real Output Reactive Power L;;;;;;;;;;
;;234;ReActPowerMaxH;Nominal Output Reactive Power H;;0.1var;;;;;;;;
;;235;ReActPowerMaxL;Nominal Output Reactive Power L;;;;;;;;;;
;;236;ReActPower_Total H;Reactive power generation;;0.1kwh;;;;;;;;
;;237;ReActPower_Total L;Reactive power generation;;;;;;;;;;
;;238;bAfciStatus;;0:Waiting 1:Self-check state 2:Detect pull arc state 3:Fault 4:Update;;;;;;;;;
;;239;uwPresentFFTValue_CHANNEL_A_;PresentFFTValue [CHANNEL_A];;;;;;;;;;
;;240;uwPresentFFTValue_CHANNEL_B_;PresentFFTValue [CHANNEL_B];;;;;;;;;;
;;241;DSP067 Debug Data1;DSP067 Debug Data1;;;;;;;;;;
;;242;DSP067 Debug Data2;DSP067 Debug Data2;;;;;;;;;;
;;243;DSP067 Debug;DSP067 Debug Data3;;;;;;;;;;
;;244;DSP067 Debug Data4;DSP067 Debug Data4;;;;;;;;;;
;;245;DSP067 Debug Data5;DSP067 Debug Data5;;;;;;;;;;
;;246;DSP067 Debug Data6;DSP067 Debug Data6;;;;;;;;;;
;;247;DSP067 Debug Data7;DSP067 Debug Data7;;;;;;;;;;
;;248;DSP067 Debug Data8;DSP067 Debug Data8;;;;;;;;;;
PV9 Voltage;;875;Vpv9;PV9 voltage;;0.1V;;;;;;;;
PV9 Current;;876;PV9Curr;PV9 Input current;;0.1A;;;;;;;;
PV9 Watts;;877;Ppv9 H;PV9 input power (High);;0.1W;;;;;;;;
;;878;Ppv9 L;PV9 input power (Low);;0.1W;;;;;;;;
PV10 Voltage;;879;Vpv10;PV10 voltage;;0.1V;;;;;;;;
PV10 Current;;880;PV10Curr;PV10 Input current;;0.1A;;;;;;;;
PV10 Watts;;881;Ppv10 H;PV10 input power (High);;0.1W;;;;;;;;
;;882;Ppv10 L;PV10 input power (Low);;0.1W;;;;;;;;
PV11 Voltage;;883;Vpv11;PV11 voltage;;0.1V;;;;;;;;
PV11 Current;;884;PV11Curr;PV11 Input current;;0.1A;;;;;;;;
PV11 Watts;;885;Ppv11 H;PV11 input power (High);;0.1W;;;;;;;;
;;886;Ppv11 L;PV11 input power (Low);;0.1W;;;;;;;;
PV12 Voltage;;887;Vpv12;PV12 voltage;;0.1V;;;;;;;;
PV12 Current;;888;PV12Curr;PV12 Input current;;0.1A;;;;;;;;
PV12 Watts;;889;Ppv12 H;PV12 input power (High);;0.1W;;;;;;;;
;;890;Ppv12 L;PV12 input power (Low);;0.1W;;;;;;;;
PV13 Voltage;;891;Vpv13;PV13 voltage;;0.1V;;;;;;;;
PV13 Current;;892;PV13Curr;PV13 Input current;;0.1A;;;;;;;;
PV13 Watts;;893;Ppv13H;PV13 input power (High);;0.1W;;;;;;;;
;;894;Ppv13 L;PV13 input power (Low);;0.1W;;;;;;;;
PV14 Voltage;;895;Vpv14;PV14 voltage;;0.1V;;;;;;;;
PV14 Current;;896;PV14Curr;PV14 Input current;;0.1A;;;;;;;;
PV14 Watts;;897;Ppv14 H;PV14 input power (High);;0.1W;;;;;;;;
;;898;Ppv14 L;PV14 input power (Low);;0.1W;;;;;;;;
PV15 Voltage;;899;Vpv15;PV15 voltage;;0.1V;;;;;;;;
PV15 Current;;900;PV15Curr;PV15 Input current;;0.1A;;;;;;;;
PV15 Watts;;901;Ppv15 H;PV15 input power (High);;0.1W;;;;;;;;
;;902;Ppv15 L;PV15 input power (Low);;0.1W;;;;;;;;
PV16 Voltage;;903;Vpv16;PV16 voltage;;0.1V;;;;;;;;
PV16 Current;;904;PV16Curr;PV16 Input current;;0.1A;;;;;;;;
PV16 Watts;;905;Ppv16 H;PV16 input power (High);;0.1W;;;;;;;;
;;906;Ppv16 L;PV16 input power (Low);;0.1W;;;;;;;;
PV9 KWH Today;;907;Epv9_today H;PV9 energy today (High);;0.1kWh;;;;;;;;
;;908;Epv9_today L;PV9 energy today (Low);;0.1kWh;;;;;;;;
PV9 KWH Total;;909;Epv9_total H;PV9 energy total (High);;0.1kWh;;;;;;;;
;;910;Epv9_total L;PV9 energy total (Low);;0.1kWh;;;;;;;;
PV10 KWH Today;;911;Epv10_today H;PV10 energy today (High);;0.1kWh;;;;;;;;
;;912;Epv10_today L;PV10 energy today (Low);;0.1kWh;;;;;;;;
PV10 KWH Total;;913;Epv10_total H;PV10 energy total (High);;0.1kWh;;;;;;;;
;;914;Epv10_total L;PV10 energy total (Low);;0.1kWh;;;;;;;;
PV11 KWH Today;;915;Epv11_today H;PV11 energy today (High);;0.1kWh;;;;;;;;
;;916;Epv11_today L;PV11 energy today (Low);;0.1kWh;;;;;;;;
PV11 KWH Total;;917;Epv11_total H;PV11 energy total (High);;0.1kWh;;;;;;;;
;;918;Epv11_total L;PV11 energy total (Low);;0.1kWh;;;;;;;;
PV12 KWH Today;;919;Epv12_today H;PV12 energy today (High);;0.1kWh;;;;;;;;
;;920;Epv12_today L;PV12 energy today (Low);;0.1kWh;;;;;;;;
PV12 KWH Total;;921;Epv12_total H;PV12 energy total (High);;0.1kWh;;;;;;;;
;;922;Epv12_total L;PV12 energy total (Low);;0.1kWh;;;;;;;;
PV13 KWH Today;;923;Epv13_today H;PV13 energy today (High);;0.1kWh;;;;;;;;
;;924;Epv13_today L;PV13 energy today (Low);;0.1kWh;;;;;;;;
PV13 KWH Total;;925;Epv13_total H;PV13 energy total (High);;0.1kWh;;;;;;;;
;;926;Epv13_total L;PV13 energy total (Low);;0.1kWh;;;;;;;;
PV14 KWH Today;;927;Epv14_today H;PV14 energy today (High);;0.1kWh;;;;;;;;
;;928;Epv14_today L;PV14 energy today (Low);;0.1kWh;;;;;;;;
PV14 KWH Total;;929;Epv14_total H;PV14 energy total (High);;0.1kWh;;;;;;;;
;;930;Epv14_total L;PV14 energy total (Low);;0.1kWh;;;;;;;;
PV15 KWH Today;;931;Epv15_today H;PV15 energy today (High);;0.1kWh;;;;;;;;
;;932;Epv15_today L;PV15 energy today (Low);;0.1kWh;;;;;;;;
PV15 KWH Total;;933;Epv15_total H;PV15 energy total (High);;0.1kWh;;;;;;;;
;;934;Epv15_total L;PV15 energy total (Low);;0.1kWh;;;;;;;;
PV16 KWH Today;;935;Epv16_today H;PV16 energy today (High);;0.1kWh;;;;;;;;
;;936;Epv16_today L;PV16 energy today (Low);;0.1kWh;;;;;;;;
PV16 KWH Total;;937;Epv16_total H;PV16 energy total (High);;0.1kWh;;;;;;;;
;;938;Epv16_total L;PV16 energy total (Low);;0.1kWh;;;;;;;;
;;939;PID PV9Plus Voltage;PID PV9PE Volt/ Flyspan voltage (MAX HV);0~1000V;0.1V;;;;;;;;
;;940;PID PV9Plus Current;PID PV9PE Current;-10~10mA;0.1mA;;;;;;;;
;;941;PID PV10Plus Voltage;PID PV10PE/ Flyspan voltage (MAX HV);0~1000V;0.1V;;;;;;;;
;;942;PID PV10Plus Current;PID PV10PE Current;-10~10mA;0.1mA;;;;;;;;
;;943;PID PV11Plus Voltage;PID PV11PE Volt/ Flyspan voltage (MAX HV);0~1000V;0.1V;;;;;;;;
;;944;PID PV11Plus Current;PID PV11PE Current;-10~10mA;0.1mA;;;;;;;;
;;945;PID PV12Plus Voltage;PID PV12PE Volt/ Flyspan voltage (MAX HV);0~1000V;0.1V;;;;;;;;
;;946;PID PV12Plus Current;PID PV12PE Current;-10~10mA;0.1mA;;;;;;;;
;;947;PID PV13Plus Voltage;PID PV13PE Volt/ Flyspan voltage (MAX HV);0~1000V;0.1V;;;;;;;;
;;948;PID PV13Plus Current;PID PV13PE Current;-10~10mA;0.1mA;;;;;;;;
;;949;PID PV14Plus Voltage;PID PV14PE Volt/ Flyspan voltage (MAX HV);0~1000V;0.1V;;;;;;;;
;;950;PID PV14Plus Current;PID PV14PE Current;-10~10mA;0.1mA;;;;;;;;
;;951;PID PV15Plus Voltage;PID PV15PE Volt/ Flyspan voltage (MAX HV);0~1000V;0.1V;;;;;;;;
;;952;PID PV15Plus Current;PID PV15PE Current;-10~10mA;0.1mA;;;;;;;;
;;953;PID PV16Plus Voltage;PID PV16PE Volt/ Flyspan voltage (MAX HV);0~1000V;0.1V;;;;;;;;
;;954;PID PV16Plus Current;PID PV16PE Current;-10~10mA;0.1mA;;;;;;;;
;;955;PV_String17;PV String 17 voltage;;0.1V;;;;;;;;
;;956;PV Curr_String17;PV String 17 Current;-15~15A;0.1A;;;;;;;;
;;957;PV_String18;PV String 18 voltage;;0.1V;;;;;;;;
;;958;PV Curr_String18;PV String 18 Current;-15~15A;0.1A;;;;;;;;
;;959;PV_String19;PV String 19 voltage;;0.1V;;;;;;;;
;;960;PV Curr_String19;PV String 19 Current;-15~15A;0.1A;;;;;;;;
;;961;PV_String20;PV String 20 voltage;;0.1V;;;;;;;;
;;962;PV Curr_String20;PV String 20 Current;-15~15A;0.1A;;;;;;;;
;;963;PV_String21;PV String 21 voltage;;0.1V;;;;;;;;
;;964;PV Curr_String21;PV String 21 Current;-15~15A;0.1A;;;;;;;;
;;965;PV_String22;PV String22 voltage;;0.1V;;;;;;;;
;;966;PV Curr_String22;PV String 22 Current;-15~15A;0.1A;;;;;;;;
;;967;PV_String23;PV String 23 voltage;;0.1V;;;;;;;;
;;968;PV Curr_String23;PV String 23 Current;-15~15A;0.1A;;;;;;;;
;;969;PV_String24;PV String 24 voltage;;0.1V;;;;;;;;
;;970;PV Curr_String24;PV String 24 Current;-15A~15A;0.1A;;;;;;;;
;;971;PV_String25;PV String 25 voltage;;0.1V;;;;;;;;
;;972;PV Curr_String25;PV String 25 Current;-15A~15A;0.1A;;;;;;;;
;;973;PV_String26;PV String 26 voltage;;0.1V;;;;;;;;
;;974;PV Curr_String26;PV String 26 Current;-15~15A;0.1A;;;;;;;;
;;975;PV_String27;PV String 27 voltage;;0.1V;;;;;;;;
;;976;PV Curr_String27;PV String 27 Current;-15~15A;0.1A;;;;;;;;
;;977;PV_String28;PV String 28 voltage;;0.1V;;;;;;;;
;;978;PV Curr_String28;PV String 28 Current;-15~15A;0.1A;;;;;;;;
;;979;PV_String29;PV String 29 voltage;;0.1V;;;;;;;;
;;980;PV Curr_String29;PV String 29 Current;-15A~15A;0.1A;;;;;;;;
;;981;PV_String30;PV String 30 voltage;;0.1V;;;;;;;;
;;982;PV Curr_String30;PV String 30 Current;-15~15A;0.1A;;;;;;;;
;;983;PV_String31;PV String 31 voltage;;0.1V;;;;;;;;
;;984;PV Curr_String31;PV String 31 Current;-15~15A;0.1A;;;;;;;;
;;985;PV_String32;PV String 32 voltage;;0.1V;;;;;;;;
;;986;PV Curr_String32;PV String 32 Current;-15~15A;0.1A;;;;;;;;
;;987;StrUnmatch2;Bit0~15: String 17~32 unmatch;;;;;;;;;;
;;988;StrCurrentUnblance2;Bit0~15:String 17~32 current unblance;;;;;;;;;;
;;989;StrDisconnect2;Bit0~15: String 17~32 disconnect;;;;;;;;;;
;;990;PV Warning Value;PV Warning Value (PV9-PV16) Contains PV9~16 abnormal ; ? Boost9~16 Drive anomalies;;;;;;;;;
;;991;StrWaringvalue1;string1~string16 abnormal;;;;;;;;;;
;;992;StrWaringvalue2;string17~string32 abnormal;;;;;;;;;;
;;999;SystemCmd;M3 to DSP system command;;;;;system command;;;;;
;;1000;uwSysWorkMode;System work mode;0x00:waiting module 0x01: Self-test mode optional 0x02 : Reserved 0x03:SysFault module 0x04: Flash module 0x05 0x06 0x07 0x08;;;; 0x03:fault module 0x04:flash;;;;;
;;1001;Systemfault word0;System fault word0;;;;;;;;;;
;;1002;Systemfault word1;System fault word1;;;;;;;;;;
;;1003;Systemfault word2;System fault word2;;;;;;;;;;
;;1004;Systemfault word3;System fault word3;;;;;;;;;;
;;1005;Systemfault word4;System fault word4;;;;;;;;;;
;;1006;Systemfault word5;System fault word5;;;;;;;;;;
;;1007;Systemfault word6;System fault word6;;;;;;;;;;
;;1008;Systemfault word7;System fault word7;;;;;;;;;;
;;1009;Pdischarge1 H;Discharge power(high);;0.1W;;;;;;;;
;;1010;Pdischarge1 L;Discharge power (low);;0.1W;;;;;;;;
;;1011;Pcharge1 H;Charge power(high);;0.1W;;;;;;;;
;;1012;Pcharge1 L;Charge power (low);;0.1W;;;;;;;;
;;1013;Vbat;Battery voltage;;0.1V;;;;;;;;
;;1014;SOC;State of charge Capacity;0-100;1.00%;lith/leadacid;;;;;;;
;;1015;Pactouser R H;AC power to user H;;0.1w;;;;;;;;
;;1016;Pactouser R L;AC power to user L;;0.1w;;;;;;;;
;;1017;Pactouser S H;Pactouser S H;;0.1w;;;;;;;;
;;1018;Pactouser S L;Pactouser S L;;0.1w;;;;;;;;
;;1019;Pactouser T H;Pactouser T H;;0.1w;;;;;;;;
;;1020;Pactouser T L;Pactouser T L;;0.1w;;;;;;;;
;;1021;PactouserTotal H;AC power to user total H;;0.1w;;;;;;;;
;;1022;PactouserTotal L;AC power to user total L;;0.1w;;;;;;;;
;;1023;Pac to grid R H;AC power to grid H;;0.1w;Ac;;output;;;;;
;;1024;Pac to grid R L;AC power to grid L;;0.1w;;;;;;;;
;;1025;Pactogrid S H;;;0.1w;;;;;;;;
;;1026;Pactogrid S L;;;0.1w;;;;;;;;
;;1027;Pactogrid T H;;;0.1w;;;;;;;;
;;1028;Pactogrid T L;;;0.1w;;;;;;;;
;;1029;Pactogrid total H;AC power to grid total H;;0.1w;;;;;;;;
;;1030;Pactogrid total L;AC power to grid total L;;0.1w;;;;;;;;
;;1031;PLocalLoad R H;INV power to local load H;;0.1w;;;;;;;;
;;1032;PLocalLoad R L;INV power to local load L;;0.1w;;;;;;;;
;;1033;PLocalLoad S H;;;0.1w;;;;;;;;
;;1034;PLocalLoad S L;;;0.1w;;;;;;;;
;;1035;PLocalLoadT H;;;0.1w;;;;;;;;
;;1036;PLocalLoadT L;;;0.1w;;;;;;;;
;;1037;PLocalLoad total H;INV power to local load total H;;0.1w;;;;;;;;
;;1038;PLocalLoad total L;INV power to local load total L;;0.1w;;;;;;;;
;;1039;IPM Temperature;REC Temperature;;0.1?;No use;;;;;;;
;;1040;Battery Temperature;Battery Temperature;;0.1?;Lead acid/lithium battery temp;;;;;;;
;;1041;SP DSP Status;SP state;;;CHG/DisCHG;;;;;;;
;;1042;SP Bus Volt;SP BUS2 Volt;;0.1V;;;;;;;;
;;1044;Etouser_today H;Energy to user today high;;0.1kWh;;;;;;;;
;;1045;Etouser_today L;Energy to user today low;;0.1kWh;;;;;;;;
;;1046;Etouser_total H;Energy to user total high;;0.1kWh;;;;;;;;
;;1047;Etouser_total L;Energy to user total high;;0.1kWh;;;;;;;;
;;1048;Etogrid_today H;Energy to grid today high;;0.1kWh;;;;;;;;
;;1049;Etogrid_today L;Energy to grid today low;;0.1kWh;;;;;;;;
;;1050;Etogrid_total H;Energy to grid total high;;0.1kWh;;;;;;;;
;;1051;Etogrid_ total L;Energy to grid total high;;0.1kWh;;;;;;;;
;;1052;Edischarge1_today H;Discharge energy1 today;;0.1kWh;;;;;;;;
;;1053;Edischarge1_today L;Discharge energy1 today;;0.1kWh;;;;;;;;
;;1054;Edischarge1_total H;Total discharge energy1 (high);;0.1kWh;;;;;;;;
;;1055;Edischarge1_total L;Total discharge energy1 (low);;0.1kWh;;;;;;;;
;;1056;Echarge1_today H ;Charge1 energy today;;0.1kWh;;;;;;;;
;;1057;Echarge1_today L;Charge1 energy today;;0.1kWh;;;;;;;;
;;1058;Echarge1_total H;Charge1 energy total;;0.1kWh;;;;;;;;
;;1059;Echarge1_total L;Charge1 energy total;;0.1kWh;;;;;;;;
;;1060;ElocalLoad_Today H;Local load energy today;;0.1kWh;;;;;;;;
;;1061;ElocalLoad_Today L;Local load energy today;;0.1kWh;;;;;;;;
;;1062;ElocalLoad_Total H;Local load energy total;;0.1kWh;;;;;;;;
;;1063;ElocalLoad_Total L;Local load energy total;;0.1kWh;;;;;;;;
;;1064;dwExportLimitApparentPower ;ExportLimitApparentPower H;;0.1kWh;ApparentPower;;;;;;;
;;1065;dwExportLimitApparentPower ;ExportLimitApparentPower L;;0.1kWh;ApparentPower;;;;;;;
;;1067;EPS Fac;UPSfrequency;5000/6000;0.01Hz;;;;;;;;
;;1068;EPS Vac1 ;UPS phase R output voltage;2300;0.1V;;;;;;;;
;;1069;EPS Iac1 ;UPS phase R output current;;0.1A;;;;;;;;
;;1070;EPS Pac1 H ;UPS phase R output power (H);;0.1VA;;;;;;;;
;;1071;EPS Pac1 L ;UPS phase R output power (L);;0.1VA;;;;;;;;
;;1072;EPS Vac2 ;UPS phase S output voltage;;0.1V;;;;;;;;
;;1073;EPS Iac2 ;UPS phase S output current;;0.1A;No use;;;;;;;
;;1074;EPS Pac2 H ;UPS phase S output power (H);;0.1VA;;;;;;;;
;;1075;EPS Pac2 L ;UPS phase S output power (L);;0.1VA;;;;;;;;
;;1076;EPS Vac3 ;UPS phase T output voltage;;0.1V;;;;;;;;
;;1077;EPS Iac3 ;UPS phase T output current;;0.1A;No use;;;;;;;
;;1078;EPS Pac3 H ;UPS phase T output power (H);;0.1VA;;;;;;;;
;;1079;EPS Pac3 L ;UPS phase T output power (L);;0.1VA;;;;;;;;
;;1080;Loadpercent ;Load percent of UPS ouput;0-100;1.00%;;;;;;;;
;;1081;PF ;Power factor;0-2;0.1;Primary ValuePlus1;;;;;;;
;;1082;BMS_StatusOld;StatusOld from BMS;"Detail information, refer to document:GrowattxxSxx P ESS Protocol;";;;;;;;;;
;;1083;BMS_Status;Status from BMS;;;W/R;;;;;;;
;;1084;BMS_ErrorOld;Error info Old from BMS;;;;;;;;;;
;;1085;BMS_Error;Errorinfomation from BMS;;;;;;;;;;
;;1086;BMS_SOC;SOC from BMS;;;R SPH6K;;;;;;;
;;1087;BMS_BatteryVolt;Battery voltage from BMS;;;R SPH6K;;;;;;;
;;1088;BMS_BatteryCurr;Battery current from BMS;;;;;;;;;;
;;1089;BMS_BatteryTemp;Battery temperature from BMS;;;;;;;;;;
;;1090;BMS_MaxCurr;;;;;;;;;;;
;;1091;BMS_GaugeRM;Gauge RM from BMS;;;;;;;;;;
;;1092;BMS_GaugeFCC;Gauge FCC from BMS;;;;;;;;;;
;;1093;BMS_FW;;;;;;;;;;;
;;1094;BMS_DeltaVolt;Delta V from BMS;;;;;;;;;;
;;1095;BMS_CycleCnt;Cycle Count from BMS;;;;;;;;;;
;;1096;BMS_SOH;SOH from BMS;;;;;;;;;;
;;1097;BMS_ConstantVolt;CV voltage from BMS;;;;;;;;;;
;;1098;BMS_WarnInfoOld;Warning info old from BMS;;;;;;;;;;
;;1099;BMS_WarnInfo;Warning info from BMS;;;;;;;;;;
;;1100;BMS_GaugeICCurr;Gauge IC current from BMS;;;;;;;;;;
;;1101;BMS_MCUVersion;MCU Software version from BMS;;;;;;;;;;
;;1102;BMS_GaugeVersion;Gauge Version from BMS;;;;;;;;;;
;;1103;BMS_wGaugeFR Version_L;Gauge FR Version L16 from BMS;;;;;;;;;;
;;1104;BMS_wGaugeFR Version_H;Gauge FR Version H16 from BMS;;;;;;;;;;
;;1105;BMS_BMSInfo;BMSInformation from BMS;;;;;;;;;;
;;1106;BMS_PackInfo;Pack Information from BMS;;;;;;;;;;
;;1107;BMS_UsingCap;Using Cap from BMS;;;;;;;;;;
;;1108;uwMaxCellVolt;Maximum single battery voltage;;0.001V;;;;;;;;
;;1109;uwMinCellVolt;Lowest single battery voltage;;0.001V;;;;;;;;
;;1110;bModuleNum;Battery parallel number;;1;;;;;;;;
;;1112;uwMaxVoltCellNo;MaxVoltCellNo;;1;;;;;;;;
;;1113;uwMinVoltCellNo;MinVoltCellNo;;1;;;;;;;;
;;1114;uwMaxTemprCell_10T;MaxTemprCell_10T;;0.1C;;;;;;;;
;;1115;uwMinTemprCell_10T;MinTemprCell_10T;;0.1C;;;;;;;;
;;1116;uwMaxTemprCellNo;MaxVoltTemprCellNo;;1;;;;;;;;
;;1117;uwMinTemprCelllNo;MinVoltTemprCellNo;;1;;;;;;;;
;;1118;Protect pack ID;Faulty Battery Address;;1;;;;;;;;
;;1119;MaxSOC;Parallel maximum SOC;;1.00%;;;;;;;;
;;1120;MinSOC;Parallel minimum SOC;;1.00%;;;;;;;;
;;1121;BMS_Error2;Battery Protection 2;;-0;CAN ID : 0x323 Byte4~5;;;;;;;
;;1122;BMS_Error3;Battery Protection3;;-0;CAN ID : 0x323 Byte6;;;;;;;
;;1123;BMS_WarnInfo2;Battery Warn2;;-0;CAN ID : 0x323 Byte7;;;;;;;
;;1124;AC Charge Energy Today H;AC Charge Energy today;kwh;;Energy today;;;;;;;
;;1125;ACCharge Energy Today L;AC Charge Energy today;kwh;;;;;;;;;
;;1126;AC Charge Energy Total H;;;;Energy total;;;;;;;
;;1127;ACCharge Energy Total L;;;;;;;;;;;
;;1128;AC Charge Power H;AC Charge Power;W;;;;;;;;;
;;1129;AC Charge Power L;AC Charge Power;w;;;;;;;;;
;;1130;70Percent INV Power adjust;uwGridPower_70_AdjEE_SP;W;;;;;;;;;
;;1131;Extra AC Power to grid_H;Extra inverte AC Power to grid High;For SPA connect inverter;;SPA used;;;;;;;
;;1132;Extra AC Power to grid_L;Extrainverte AC Power to grid Low;;;SPA used;;;;;;;
;;1133;Eextra_today H;Extra inverter PowerTOUser_Extra today (high);R;0.1kWh;SPA used;;;;;;;
;;1134;Eextra_today L;Extra inverter PowerTOUser_Extra today (low);R;0.1kWh;SPA used;;;;;;;
;;1135;Eextra_total H;Extra inverter PowerTOUser_Extra total(high);;0.1kWh;SPA used;;;;;;;
;;1136;Eextra_total L;Extra inverter PowerTOUser_Extra total(low);;0.1kWh;SPA used;;;;;;;
;;1137;Esystem_today H;System electric energy today H;;0.1kWh;SPA used System electric energy today H;;;;;;;
;;1138;Esystem_today L;System electric energy today L;;0.1kWh;SPA used System electric energy today L;;;;;;;
;;1139;Esystem_total H;System electric energy total H;;0.1kWh;SPA used System electric energy total H;;;;;;;
;;1140;Esystem_total L;System electric energy total L;;0.1kWh;SPA used System electric energy total L;;;;;;;
;;1141;Eself_today H;self electric energy today H;;0.1kWh;self electric energy today H;;;;;;;
;;1142;Eself_today L;self electric energy today L;;0.1kWh;self electric energy today L;;;;;;;
;;1143;Eself_total H;self electric energy total H;;0.1kWh;self electric energy total H;;;;;;;
;;1144;Eself_total L;self electric energy total L;;0.1kWh;self electric energy total L;;;;;;;
;;1145;PSystem H;System power H;;0.1w;System power H;;;;;;;
;;1146;PSystem L;System power L;;0.1w;System power L;;;;;;;
;;1147;PSelf H;self power H;;0.1w;self power H;;;;;;;
;;1148;PSelf L;self power L;;0.1w;self power L;;;;;;;
;;1149;EPVAll_Today H;PV electric energy today H;;;;;;;;;;
;;1150;EPVAll_Today L;PV electric energy today L;;;;;;;;;;
;;1151;AcDischarge PackSn;Discharge Number power;R;;;;;;;;;
;;1152;Accdischarge power_H;Cumulative discharge power high 16-bit byte;R;0.1 kWH;;;;;;;;
;;1153;Accdischarge power_L;Cumulative discharge power low 16-bit byte;R;0.1 kWH;;;;;;;;
;;1154;AccCharge PackSn;charge power pack serial number;R;;;;;;;;;
;;1155;AccCharge power_H;Cumulative charge power high 16-bit byte;R;0.1 kWH;;;;;;;;
;;1156;AccCharge power_L;Cumulative charge power low 16-bit byte;R;0.1 kWH;;;;;;;;
;;1157;FirstBattFaultSn;FirstBattFaultSn;R;;;;;;;;;
;;1158;Second BattFaultSn;Second BattFaultSn;R;;;;;;;;;
;;1159;Third BattFaultSn;Third BattFaultSn;R;;;;;;;;;
;;1160;Fourth BattFaultSn;Fourth BattFaultSn;R;;;;;;;;;
;;1161;Battery history fault code 1;Battery history fault code 1;R;;;;;;;;;
;;1162;Battery history fault code 2;Battery history fault code 2;R;;;;;;;;;
;;1163;Battery history fault code 3;Battery history fault code 3;R;;;;;;;;;
;;1164;Battery history fault code 4;Battery history fault code 4;R;;;;;;;;;
;;1165;Battery history fault code 5;Battery history fault code 5;R;;;;;;;;;
;;1166;Battery history fault code 6;Battery history fault code 6;R;;;;;;;;;
;;1167;Battery history fault code 7;Battery history fault code 7;R;;;;;;;;;
;;1168;Battery history fault code 8;Battery history fault code 8;R;;;;;;;;;
;;1169;Number of battery codes;Number of battery codes PACK number Plus BIC forward and reverse codes;R;;;;;;;;;
;;1199;NewEPowerCalc Flag;Intelligent reading is used to identify software compatibility features;0 : Old energy calculation; 1 : new energy calculation;;;;;;;;
;;1200;MaxCellVolt;Maximum cell voltage;R;0.001V;;;;;;;;
;;1201;MinCellVolt;Minimum cell voltage;R;0.001V;;;;;;;;
;;1202;ModuleNum;Number of Battery modules;R;/;;;;;;;;
;;1203;TotalCellNum;Total number of cells;R;/;;;;;;;;
;;1204;MaxVoltCellNo;MaxVoltCellNo;R;/;;;;;;;;
;;1205;MinVoltCellNo;MinVoltCellNo;R;/;;;;;;;;
;;1206;MaxTemprCell_10T;MaxTemprCell_10T;R;0.1?;;;;;;;;
;;1207;MinTemprCell_10T;MinTemprCell_10T;R;0.1?;;;;;;;;
;;1208;MaxTemprCellNo;MaxTemprCellNo;R;/;;;;;;;;
;;1209;MinTemprCellNo;MinTemprCellNo;R;/;;;;;;;;
;;1210;ProtectPackID;Fault Pack ID;R;/;;;;;;;;
;;1211;MaxSOC;Parallel maximum SOC;R;1.00%;;;;;;;;
;;1212;MinSOC;Parallel minimum SOC;R;1.00%;;;;;;;;
;;1213;BatProtect1Add;BatProtect1Add;R;/;;;;;;;;
;;1214;BatProtect2Add;BatProtect2Add;R;/;;;;;;;;
;;1215;BatWarn1Add;BatWarn1Add;R;/;;;;;;;;
;;1216;BMS_HighestSoftVersion;BMS_HighestSoftVersion;R;/;;;;;;;;
;;1217;BMS_HardwareVersion;BMS_HardwareVersion;R;/;;;;;;;;
;;1218;BMS_RequestType;BMS_RequestType;R;/;;;;;;;;
;;1248;bKeyAgingTestOkFlag;Success sign of key detection before aging;1:Finished test 0 : test not completed;;;;;;;;;
;;2000;Inverter Status;Inverter run state;0:waiting 1:normal 3:fault;;;;;;;;;
Output Watts;;2035;Pac H;Output power (high);;0.1W;;;SPA;;;;;
;;2036;Pac L;Output power (low);;0.1W;;;SPA;;;;;
Grid Hz;;2037;Fac;Grid frequency;;0.01Hz;;;SPA;;;;;
Grid Voltage Phase 1;;2038;Vac1;Three/single phase grid voltage;;0.1V;;;SPA;;;;;
Grid Current Phase 1;;2039;Iac1;Three/single phase grid output current;;0.1A;;;SPA;;;;;
Grid VA Phase 1;;2040;Pac1 H;Three/single phase grid output watt VA (high);;0.1VA;;;SPA;;;;;
;;2041;Pac1 L;Three/single phase grid output watt VA(low);;0.1VA;;;SPA;;;;;
;;2053;Eac today H;Today generate energy (high);;0.1kWH;;;SPA;;;;;
;;2054;Eac today L;Today generate energy (low);;0.1kWH;;;SPA;;;;;
;;2055;Eac total H;Total generate energy (high);;0.1kWH;;;SPA;;;;;
;;2056;Eac total L;Total generate energy (low);;0.1kWH;;;SPA;;;;;
;;2057;Time total H;Work time total (high);;0.5s;;;SPA;;;;;
;;2058;Time total L;Work time total (low);;0.5s;;;SPA;;;;;
;;2093;Temp1;Inverter temperature;;0.1C;;;SPA;;;;;
;;2094;Temp2;The inside IPM in inverter Temperature;;0.1C;;;SPA;;;;;
;;2095;Temp3;Boost temperature;;0.1C;;;SPA;;;;;
;;2096;Temp4;;;;;;reserved;;;;;
;;2097;uwBatVolt_DSP;BatVolt_DSP;;0.1V;;;BatVolt(DSP);;;;;
;;2098;P Bus Voltage;P Bus inside Voltage;;0.1V;;;SPA;;;;;
;;2099;N Bus Voltage;N Bus inside Voltage;;0.1V;;;SPA;;;;;
;;2100;RemoteCtrlEn;/;0.Load First 1.BatFirst 2.Grid;/;;;Remote setup enable;;;;;
;;2101;RemoteCtrlPower;;;/;/;;Remotely set power;;;;;
;;2102;Extra AC Power to grid_H;Extra inverte AC Power to grid High;For SPA connect inverter;;;;SPA used;;;;;
;;2103;Extra AC Power to grid_L;Extrainverte AC Power to grid Low;;;;;SPA used;;;;;
;;2104;Eextra_today H;Extra inverter PowerTOUser_Extra today (high);R;0.1kWh;;;SPA;;;;;
;;2105;Eextra_today L;Extra inverter PowerTOUser_Extra today (low);R;0.1kWh;;;SPA;;;;;
;;2106;Eextra_total H;Extra inverter PowerTOUser_Extratotal(high);;0.1kWh;;;SPA;;;;;
;;2107;Eextra_total L;Extra inverter PowerTOUser_Extra total(low);;0.1kWh;;;SPA;;;;;
;;2108;Esystem_today H;System electric energy today H;;0.1kWh;;;SPA used System electric energy today H;;;;;
;;2109;Esystem_today L;System electric energy today L;;0.1kWh;;;SPA used System electric energy today L;;;;;
;;2110;Esystem_total H;System electric energy total H;;0.1kWh;;;SPA used System;;;;;
;;2111;Esystem_total L;System electric energy total L;;0.1kWh;;;SPA used System electric energy total L;;;;;
;;2112;EACharge_Today_H;ACCharge energy today;;0.1kwh;;;Storage Power;;;;;
;;2113;EACharge_Today_L;ACCharge energy today;;0.1kwh;;;Storage Power;;;;;
;;2114;EACharge_Total_H;ACCharge energy total;;0.1kwh;;;Storage Power;;;;;
;;2115;EACharge_Total_L;ACCharge energy total;;0.1kwh;;;Storage Power;;;;;
;;2116;AC charge Power_H;Grid power to local load;;0.1kwh;;;Storage Power;;;;;
;;2117;AC charge Power_L;Grid power to local load;;0.1kwh;;;Storage Power;;;;;
;;2118;Priority;0:Load First 1:Battery First 2:Grid First;;;;;Storage Power;;;;;
;;2119;Battery Type;0:Lead-acid 1:Lithium battery;;;;;Storage Power;;;;;
;;2120;AutoProofreadCMD;Aging mode;;;;;Storage Power;;;;;
;;3000;Inverter Status;Inverter run state High 8 bits mode (specific mode) ;0: Waiting module 1: Self-test mode 7:PVOfflineMode 8:BatOfflineMode The lower 8 bits indicate the machine status (web page display) 0: StandbyStatus; 1: NormalStatus; 3: FaultStatus 4:FlashStatus;;;;;;;
PV Watts;;3001;Ppv H;PV total power H;;0.1W;;;;;;;;
;;3002;Ppv L;PV total power L;;;;;;;;;;
PV1 Voltage;;3003;Vpv1;PV1 voltage;;0.1V;;;;;;;;
;;3004;Ipv1;PV1 input current;;0.1A;;;;;;;;
PV1 Watts;;3005;Ppv1 H;PV1 power H;;0.1W;;;;;;;;
;;3006;Ppv1 L;PV1 power L;;;;;;;;;;
PV2 Voltage;;3007;Vpv2;PV2 voltage;;0.1V;;;;;;;;
;;3008;Ipv2;PV2 input current;;0.1A;;;;;;;;
PV2 Watts;;3009;Ppv2 H;PV2 power H;;0.1W;;;;;;;;
;;3010;Ppv2 L;PV2 power L;;;;;;;;;;
PV3 Voltage;;3011;Vpv3;PV3 voltage;;0.1V;;;;;;;;
;;3012;Ipv3;PV3 input current;;0.1A;;;;;;;;
PV3 Watts;;3013;Ppv3 H;PV3 power H;;0.1W;;;;;;;;
;;3014;Ppv3 L;PV3 power L;;;;;;;;;;
PV4 Voltage;;3015;Vpv4;PV4 voltage;;;;;;;;;;
;;3016;Ipv4;PV4 input current;;;;;;;;;;
PV4 Watts;;3017;Ppv4 H;PV4 power H;;;;;;;;;;
;;3018;Ppv4 L;PV4 power L;;;;;;;;;;
;;3019;Psys H;System output power H;;0.1W;;;;;;;;
;;3020;Psys L;System output power L;;;;;;;;;;
;;3021;Qac H;reactive power H;;0.1Var;;;;;;;;
;;3022;Qac L;reactive power L;;;;;;;;;;
Output Watts;;3023;Pac H;Output power H;;0.1W;;;;;;;;
;;3024;Pac L;Output power L;;;;;;;;;;
Grid Hz;;3025;Fac;Grid frequency;;0.01Hz;;;;;;;;
Grid Voltage Phase 1;;3026;Vac1;Three/single phase grid voltage;;0.1V;;;;;;;;
Grid Current Phase 1;;3027;Iac1;Three/single phase grid output current;;0.1A;;;;;;;;
Grid VA Phase 1;;3028;Pac1 H;Three/single phase grid output watt VA H;;0.1VA;;;;;;;;
;;3029;Pac1 L;Three/single phase grid output watt VA L;;;;;;;;;;
Grid Voltage Phase 2;;3030;Vac2;Three phase grid voltage;;0.1V;;;;;;;;
Grid Current Phase 2;;3031;Iac2;Three phase grid output current;;0.1A;;;;;;;;
Grid VA Phase 2;;3032;Pac2 H;Three phase grid output power H;;0.1VA;;;;;;;;
;;3033;Pac2 L;Three phase grid output power L;;;;;;;;;;
Grid Voltage Phase 3;;3034;Vac3;Three phase grid voltage;;0.1V;;;;;;;;
Grid Current Phase 3;;3035;Iac3;Three phase grid output current;;0.1A;;;;;;;;
Grid VA Phase 3;;3036;Pac3 H;Three phase grid output power H;;0.1VA;;;;;;;;
;;3037;Pac3 L;Three phase grid output power L;;;;;;;;;;
;;3038;Vac_RS;Three phase grid voltage;;0.1V;;;;;;;;
;;3039;Vac_ST;Three phase grid voltage;;0.1V;;;;;;;;
;;3040;Vac_TR;Three phase grid voltage;;0.1V;;;;;;;;
;;3041;Ptouser total H;Total forward power H;;0.1W;;;;;;;;
;;3042;Ptouser total L;Total forward power L;;;;;;;;;;
;;3043;Ptogrid total H;Total reverse power H;;0.1W;;;;;;;;
;;3044;Ptogrid total L;Total reverse power L;;;;;;;;;;
;;3045;Ptoload total H;Total load power H;;0.1W;;;;;;;;
;;3046;Ptoload total L;Total load power L;;;;;;;;;;
;;3047;Time total H;Work time total H;;0.5s;;;;;;;;
;;3048;Time total L;Work time total L;;;;;;;;;;
;;3049;Eac today H;Today generate energy H;;0.1kWh;;;;;;;;
;;3050;Eac today L;Today generate energy L;;;;;;;;;;
;;3051;Eac total H;Total generate energy H;;0.1kWh;;;;;;;;
;;3052;Eac total L;Total generate energy L;;;;;;;;;;
PV KWH Total;;3053;Epv_total H;PV energy total H;;0.1kWh;;;;;;;;
;;3054;Epv_total L;PV energy total L;;;;;;;;;;
PV1 KWH Today;;3055;Epv1_today H;PV1 energy today H;;0.1kWh;;;;;;;;
;;3056;Epv1_today L;PV1 energy today L;;;;;;;;;;
PV1 KWH Total;;3057;Epv1_total H;PV1 energy total H;;0.1kWh;;;;;;;;
;;3058;Epv1_total L;PV1 energy total L;;;;;;;;;;
PV2 KWH Today;;3059;Epv2_today H;PV2 energy today H;;0.1kWh;;;;;;;;
;;3060;Epv2_today L;PV2 energy today L;;;;;;;;;;
PV2 KWH Total;;3061;Epv2_total H;PV2 energy total H;;0.1kWh;;;;;;;;
;;3062;Epv2_total L;PV2 energy total L;;;;;;;;;;
PV3 KWH Today;;3063;Epv3_today H;PV3 energy today H;;0.1kWh;;;;;;;;
;;3064;Epv3_today L;PV3 energy today L;;;;;;;;;;
PV3 KWH Total;;3065;Epv3_total H;PV3 energy total H;;0.1kWh;;;;;;;;
;;3066;Epv3_total L;PV3 energy total L;;;;;;;;;;
;;3067;Etouser_today H;Today energy to user H;;0.1kWh;;;;;;;;
;;3068;Etouser_today L;Today energy to user L;;;;;;;;;;
;;3069;Etouser_total H;Total energy to user H;;0.1kWh;;;;;;;;
;;3070;Etouser_total L;Total energy to user L;;;;;;;;;;
;;3071;Etogrid_today H;Today energy to grid H;;0.1kWh;;;;;;;;
;;3072;Etogrid_today L;Today energy to grid L;;;;;;;;;;
;;3073;Etogrid_total H;Total energy to grid H;;0.1kWh;;;;;;;;
;;3074;Etogrid_total L;Total energy to grid L;;;;;;;;;;
;;3075;Eload_today H;Today energy of user load H;;0.1kWh;;;;;;;;
;;3076;Eload_today L;Today energy of user load L;;;;;;;;;;
;;3077;Eload_total H;Total energy of user load H;;0.1kWh;;;;;;;;
;;3078;Eload_total L;Total energy of user load L;;;;;;;;;;
PV4 KWH Today;;3079;Epv4_today H;PV4 energy today H;;0.1kWh;;;;;;;;
;;3080;Epv4_today L;PV4 energy today L;;;;;;;;;;
PV4 KWH Total;;3081;Epv4_total H;PV4 energy total H;;0.1kWh;;;;;;;;
;;3082;Epv4_total L;PV4 energy total L;;;;;;;;;;
;;3083;Epv_today H;PV energy today H;;0.1kWh;;;;;;;;
;;3084;Epv_today L;PV energy today L;;;;;;;;;;
;;3086;DeratingMode;DeratingMode;;;;;;;;;;
;;3087;ISO;PV ISO value;;1K?;;;;;;;;
;;3088;DCI_R;R DCI Curr;;0.1mA;;;;;;;;
;;3089;DCI_S;S DCI Curr;;0.1mA;;;;;;;;
;;3090;DCI_T;T DCI Curr;;0.1mA;;;;;;;;
;;3091;GFCI;GFCI Curr;;1mA;;;;;;;;
;;3092;Bus Voltage;total bus voltage;;0.1V;;;;;;;;
;;3093;Temp1;Inverter temperature;;0.1?;;;;;;;;
;;3094;Temp2;The inside IPM in inverter temperature;;0.1?;;;;;;;;
;;3095;Temp3;Boost temperature;;0.1?;;;;;;;;
;;3096;Temp4;Reserved;;0.1?;;;;;;;;
;;3097;Temp5;Commmunication broad temperature;;0.1?;;;;;;;;
;;3098;P Bus Voltage;P Bus inside Voltage;;0.1V;;;;;;;;
;;3099;N Bus Voltage;N Bus inside Voltage;;0.1V;;;;;;;;
Inverter Power Factor;;3100;IPF;Inverter output PF now;;;;;;;;;;
;;3101;RealOPPercent;Real Output power Percent;;1.00%;;;;;;;;
;;3102;OPFullwatt H;Output Maxpower Limited H;;0.1W;;;;;;;;
;;3103;OPFullwatt L;Output Maxpower Limited L;;;;;;;;;;
;;3104;StandbyFlag;Inverter standby flag;;bitfield;;;;;;;;
;;3105;Fault Maincode;Inverter fault maincode;;;;;;;;;;
;;3106;Warn Maincode;Inverter Warning maincode;;;;;;;;;;
;;3107;Fault Subcode;Inverter fault subcode;;bitfield;;;;;;;;
;;3108;Warn Subcode;Inverter Warning subcode;;bitfield;;;;;;;;
;;3111;uwPresentFFTValue_CHANNEL_A_;PresentFFTValue [CHANNEL_A];;bitfield;;;;;;;;
;;3112;bAfciStatus;AFCI Status;;;;;;;;;;
;;3113;uwStrength_CHANNEL_A_;AFCI Strength[CHANNEL_A];;;;;;;;;;
;;3114;uwSelfCheckValue_CHANNEL_A_;AFCI SelfCheck[CHANNEL_A];;;;;;;;;;
;;3115;inv start delay time;inv start delay time;;1S;;;;;;;;
;;3116;Reserved;;;;;;;;;;;
;;3117;Reserved;;;;;;;;;;;
;;3118;BDC_OnOffState;BDC connect state;;;;;;;;;;
;;3119;DryContactState;Current status of DryContact;;;;;;;;;;
;;3120;Reserved;;;;;;;;;;;
;;3121;Pself H;self-use power H;;0.1W;;;;;;;;
;;3122;Pself L;self-use power L;;;;;;;;;;
;;3123;Esys_today H;System energy today H;;0.1kwh;;;;;;;;
;;3124;Esys_today L;System energy today L ;;;;;;;;;;
;;3125;Edischr_today H;Today discharge energy H;;0.1kWh;;;;;;;;
;;3126;Edischr_today L;Today discharge energy L;;;;;;;;;;
;;3127;Edischr_total H;Total discharge energy H;;0.1kWh;;;;;;;;
;;3128;Edischr_total L;Total discharge energy L;;;;;;;;;;
;;3129;Echr_today H;Charge energy today H;;0.1kWh;;;;;;;;
;;3130;Echr_today L;Charge energy today L;;;;;;;;;;
;;3131;Echr_total H;Charge energy total H;;0.1kWh;;;;;;;;
;;3132;Echr_total L;Charge energy total L;;;;;;;;;;
;;3133;Eacchr_today H;Today energy of AC charge H;;0.1kWh;;;;;;;;
;;3134;Eacchr_today L;Today energy of AC charge L;;;;;;;;;;
;;3135;Eacchr_total H;Total energy of AC charge H;;0.1kWh;;;;;;;;
;;3136;Eacchr_total L;Total energy of AC charge L;;;;;;;;;;
;;3137;Esys_total H;Total energy of system output H;;;;;;;;;;
;;3138;Esys_total L;Total energy of system output L;;0.1kWh;;;;;;;;
;;3139;Eself_today H;Today energy of Self output H;;0.1kWh;;;;;;;;
;;3140;Eself_today L;Today energy of Self output L;;;;;;;;;;
;;3141;Eself_total H;Total energy of Self output H;;0.1kwh;;;;;;;;
;;3142;Eself_total L;Total energy of Self output L;;;;;;;;;;
;;3143;Reserved;;;;;;;;;;;
;;3144;Priority;Word Mode;;;;;;;;;;
;;3145;EPS Fac;UPS frequency;;0.01Hz;;;;;;;;
;;3146;EPS Vac1;UPS phase R output voltage;;0.1V;;;;;;;;
;;3147;EPS Iac1;UPS phase R output current;;0.1A;;;;;;;;
;;3148;EPS Pac1 H;UPS phase R output power H;;0.1VA;;;;;;;;
;;3149;EPS Pac1 L;UPS phase R output power L;;;;;;;;;;
;;3150;EPS Vac2;UPS phase S output voltage;;0.1V;;;;;;;;
;;3151;EPS Iac2;UPS phase S output current;;0.1A;;;;;;;;
;;3152;EPS Pac2 H;UPS phase S output power H;;0.1VA;;;;;;;;
;;3153;EPS Pac2 L;UPS phase S output power L;;;;;;;;;;
;;3154;EPS Vac3;UPS phase T output voltage;;0.1V;;;;;;;;
;;3155;EPS Iac3;UPS phase T output current;;0.1A;;;;;;;;
;;3156;EPS Pac3 H;UPS phase T output power H;;0.1VA;;;;;;;;
;;3157;EPS Pac3 L;UPS phase T output power L;;;;;;;;;;
;;3158;EPS Pac H;UPS output power H;;0.1VA;;;;;;;;
;;3159;EPS Pac L;UPS output power L;;;;;;;;;;
;;3160;Loadpercent;Load percent of UPS ouput;;0.10%;;;;;;;;
;;3161;PF;Power factor;;0.1;;;;;;;;
;;3162;DCV;DC voltage;;1mV;;;;;;;;
;;3163;Reserved;;;;;;;;;;;
;;3164;NewBdcFlag;Whether to parse BDC data separately;;;;;;;;;;
;;3165;BDCDeratingMode;BDCDeratingMode: 0: Normal unrestricted 1:Standby or fault 2:Maximum battery current limit (discharge) 3:Battery discharge Enable (Discharge) 4:High bus discharge derating (discharge) 5:High temperature discharge derating (discharge) 6:System warning No discharge (discharge) 7-15 Reserved (Discharge) 16:Maximum charging current of battery (charging) 17:High Temperature (LLC and Buckboost) (Charging) 18:Final soft charge 19:SOC setting limits (charging) 20:Battery low temperature (charging) 21:High bus voltage (charging) 22:Battery SOC (charging) 23: Need to charge (charge) 24: System warning not charging (charging) 25-29:Reserve (charge);;;;;;;;;;
;;3166;SysState_Mode;System work State and mode The upper 8 bits indicate the mode; 0:No charge and discharge; 1:charge; 2:Discharge;; 0: StandbyStatus;;;;;
;;3167;FaultCode;Storge device fault code;;;;;;;;;;
;;3168;WarnCode;Storge device warning code;;;;;;;;;;
;;3169;Vbat;Battery voltage;;;;;;;;;;
;;3170;Ibat;Battery current;;;;;;;;;;
;;3171;SOC;State of charge Capacity;;;;;;;;;;
;;3172;Vbus1;Total BUS voltage;;;;;;;;;;
;;3173;Vbus2;On the BUS voltage;;;;;;;;;;
;;3174;Ibb;BUCK-BOOST Current;;;;;;;;;;
;;3175;Illc;LLC Current;;;;;;;;;;
;;3176;TempA;Temperture A;;;;;;;;;;
;;3177;TempB;Temperture B;;;;;;;;;;
;;3178;Pdischr H;Discharge power H;;;;;;;;;;
;;3179;Pdischr L;Discharge power L;;;;Pdischr L;;Pdischr L;Pdischr L;Pdischr L;Pdischr L;Pdischr L
;;3180;Pchr H;Charge power H;;0.1W;;;;;;;;
;;3181;Pchr L;Charge power L;;;;;;;;;;
;;3182;Edischr_total H;Discharge total energy of storge device H;;;;;;;;;;
;;3183;Edischr_total L;Discharge total energy of storge device L;;;;Edischr_total L;;Edischr_total L;Edischr_total L;Edischr_total L;Edischr_total L;Edischr_total L
;;3184;Echr_total H;Charge total energy of storge device H;;;;;;;;;;
;;3185;Echr_total L;Charge total energy of storge device L;;;;;;;;;;
;;3186;Reserved;Reserved;;;;;;;;;;
;;3187;BDC1_Flag;"BDC mark (charge and discharge, fault alarm code) Bit0: ChargeEn; BDC allows charging Bit1: DischargeEn; BDC allows discharge Bit2~7: Resvd; reserved Bit8~11: WarnSubCode; BDC sub-warning code Bit12~15: FaultSubCode; BDC sub-error code";;;;;;;;;;
;;3188;Vbus2;Lower BUS voltage;;;;;;;;;;
;;3189;BmsMaxVoltCellNo;BmsMaxVoltCellNo;;;;;;;;;;
;;3190;BmsMinVoltCellNo;BmsMinVoltCellNo;;;;;;;;;;
;;3191;BmsBatteryAvgTemp;BmsBatteryAvgTemp;;;;;;;;;;
;;3192;BmsMaxCellTemp;BmsMaxCellTemp;;0.1?C;;;;;;;;
;;3193;BmsBatteryAvgTemp;BmsBatteryAvgTemp;;0.1?C;;;;;;;;
;;3194;BmsMaxCellTemp;BmsMaxCellTemp;;;;;;;;;;
;;3195;BmsBatteryAvgTemp;BmsBatteryAvgTemp;;;;;;;;;;
;;3196;BmsMaxSOC;BmsMaxSOC;;1.00%;;;;;;;;
;;3197;BmsMinSOC;BmsMinSOC;;1.00%;;;;;;;;
;;3198;ParallelBatteryNum;ParallelBatteryNum;;;;;;;;;;
;;3199;BmsDerateReason;BmsDerateReason;;;;;;;;;;
;;3200;BmsGaugeFCC_Ah;BmsGaugeFCC(Ah);;;;;;;;;;
;;3201;BmsGaugeRM_Ah;BmsGaugeRM(Ah);;;;;;;;;;
;;3202;BmsError;BMS Protect1;;;;;;;;;;
;;3203;BmsWarn;BMSWarn1;;;;;;;;;;
;;3204;BmsFault;BMS Fault1;;;;;;;;;;
;;3205;BmsFault2;BMS Fault2;;;;;;;;;;
;;3210;BatIsoStatus;Battery ISO detection status;;;;;;;;;;
;;3211;BattNeedCharge RequestFlag;battery work request;;"bit0:1: Prohibit chargin g 2 bit8:1: Dischar ge is prohibit ed, 0: allow discharg e bit9:1: Turn on power reductio n 0: turn off power reductio n;";0: Allow the chargin g bit1:1: Enable strong charge;;;;;;;
;;3212;BMS_Status;battery working status;R;;;;;;;;;
;;3213;BmsError2;BMS Protect2;R;1;;;;;;;;
;;3214;BmsWarn2;BMS Warn2;R;1;;;;;;;;
;;3215;BMS_SOC;BMS SOC;R;1.00%;;;;;;;;
;;3216;BMS_BatteryVolt;BMS BatteryVolt;R;0.01V;;;;;;;;
;;3217;BMS_BatteryCurr;BMS BatteryCurr;R;0.01A;;;;;;;;
;;3218;BMS_BatteryTemp;battery cell maximum temperature;R;0.1?;;;;;;;;
;;3219;BMS_MaxCurr;Maximum charging current;R;0.01A;;;;;;;;
;;3220;BMS_MaxDischrCurr;Maximum discharge current;R;0.01A;;;;;;;;
;;3221;BMS_CycleCnt;BMSCycleCnt;R;1;;;;;;;;
;;3222;BMS_SOH;BMS SOH;R;1;;;;;;;;
;;3223;BMS_ChargeVoltLimit;Battery charging voltage limit value;R;0.01V;;;;;;;;
;;3224;BMS_DischargeVoltLimit;Battery discharge voltage limit value;;;;;;;;;;
;;3225;Bms Warn3;BMS Warn 3;R;1;;;;;;;;
;;3226;Bms Error3;BMS Protect3;R;1;;;;;;;;
;;3227;Reserved;;;;;;;;;;;
;;3228;Reserved;;;;;;;;;;;
;;3229;Reserved;;;;;;;;;;;
;;3230;BMSSingleVoltMax;BMS Battery SingleVoltMax;R;0.001V;;;;;;;;
;;3231;BMSSingleVoltMin;BMS Battery SingleVoltMin;R;0.001V;;;;;;;;
;;3232;BatLoadVolt;Battery LoadVolt;R;0.01V;;;650.00];;;;;
;;3234;Debug data1;Debug data1;R;;;;;;;;;
;;3235;Debug data2;Debug data2;R;;;;;;;;;
;;3236;Debug data3;Debug data3;R;;;;;;;;;
;;3237;Debug data4;Debug data4;R;;;;;;;;;
;;3238;Debug data5;Debug data5;R;;;;;;;;;
;;3239;Debug data6;Debug data6;R;;;;;;;;;
;;3240;Debug data7;Debug data7;R;;;;;;;;;
;;3241;Debug data8;Debug data8;R;;;;;;;;;
;;3242;Debug data9;Debug data9;R;;;;;;;;;
;;3243;Debug data10;Debug data10;R;;;;;;;;;
;;3244;Debug data10;Debug data10;R;;;;;;;;;
;;3245;Debug data12;Debug data12;R;;;;;;;;;
;;3246;Debug data13;Debug data13;R;;;;;;;;;
;;3247;Debug data14;Debug data14;R;;;;;;;;;
;;3248;Debug data15;Debug data15;R;;;;;;;;;
;;3249;Debug data16;Debug data16;R;;;;;;;;;
;;3250;Pex1H;PV inverter 1 output power H;R;0.1W;;;;;;;;
;;3251;Pex1L;PV inverter 1 output power L;R;0.1W;;;;;;;;
;;3252;Pex2H;PV inverter 2 output power H;R;0.1W;;;;;;;;
;;3253;Pex2L;PV inverter 2 output power L;R;0.1W;;;;;;;;
;;3254;Eex1TodayH;PV inverter 1 energy Today H;R;0.1kWh;;;;;;;;
;;3255;Eex1TodayL;PV inverter 1 energy Today L;R;0.1kWh;;;;;;;;
;;3256;Eex2TodayH;PV inverter 2 energy Today H;R;0.1kWh;;;;;;;;
;;3257;Eex2TodayL;PV inverter 2 energy Today L;R;0.1kWh;;;;;;;;
;;3258;Eex1TotalH;PV inverter 1 energy Total H;R;0.1kWh;;;;;;;;
;;3259;Eex1TotalL;PV inverter 1 energy Total L;R;0.1kWh;;;;;;;;
;;3260;Eex2TotalH;PV inverter 2 energy Total H;R;0.1kWh;;;;;;;;
;;3261;Eex2TotalL;PV inverter 2 energy Total L;R;0.1kWh;;;;;;;;
;;3262;uwBatNo;battery pack number;R;;;;;;;;;
;;3263;BatSerialNum1;Battery pack serial numberSN[0]SN[1];R;;;;;;;;;
;;3264;BatSerialNum2;Battery pack serial numberSN[2]SN[3];;;;;;;;;;
;;3265;BatSerialNum3;Battery pack serial numberSN[4]SN[5];;;;;;;;;;
;;3266;BatSerialNum4;Battery pack serial numberSN[6]SN[7];;;;;;;;;;
;;3267;BatSerialNum5;Battery pack serial numberSN[8]SN[9];;;;;;;;;;
;;3268;BatSerialNum6;Battery pack serial numberSN[10]SN[11];;;;;;;;;;
;;3269;BatSerialNum7;Battery pack serial numberSN[12]SN[13];;;;;;;;;;
;;3270;BatSerialNum8;Battery pack serial numberSN[14]SN[15];;;;;;;;;;
;;3280;bClrTodayDataFlag;Clear day data flag;R;;;;;;;;;
